data_type,urgency,data_size_kb,battery_level,link_quality,priority
Voice/Data,Low,711,89,Fair,Low
Housekeeping,High,72,82,Fair,High
Voice/Data,Medium,283,33,Poor,Low
SSTV,Low,1996,86,Fair,Low
TT&C,Low,9,20,Good,Low
Voice/Data,Low,823,39,Fair,Low
Voice/Data,High,759,75,Fair,High
Voice/Data,Medium,945,40,Poor,Low
TT&C,High,51,77,Fair,High
Housekeeping,Medium,195,89,Fair,Medium
Housekeeping,Medium,52,20,Good,Low
Voice/Data,Low,858,17,Good,Low
SSTV,High,762,94,Good,High
Voice/Data,Low,380,59,Good,Low
Housekeeping,Medium,54,58,Good,Medium
TT&C,Medium,33,54,Good,High
SSTV,Medium,1910,51,Poor,Low
TT&C,High,23,73,Poor,High
Voice/Data,Low,802,64,Fair,Low
SSTV,Medium,1632,28,Fair,Low
Voice/Data,Medium,642,68,Poor,Low
Housekeeping,Medium,208,71,Good,Medium
Voice/Data,Low,478,24,Fair,Low
Voice/Data,Low,406,47,Fair,Low
Voice/Data,Low,945,82,Poor,Low
TT&C,Low,43,67,Fair,Medium
Housekeeping,Medium,146,26,Poor,Low
TT&C,Medium,25,18,Good,Medium
TT&C,Medium,20,64,Fair,High
SSTV,Medium,781,54,Good,Medium
SSTV,Medium,885,96,Fair,Low
Voice/Data,Low,282,59,Fair,Low
Housekeeping,Medium,171,94,Fair,Medium
Housekeeping,Low,41,33,Good,Low
Housekeeping,Low,149,53,Good,Low
TT&C,Medium,71,26,Poor,Medium
TT&C,Medium,58,63,Good,Medium
Housekeeping,Low,106,31,Poor,Low
TT&C,Medium,9,56,Good,High
SSTV,Medium,2076,44,Poor,Medium
Housekeeping,Medium,30,30,Fair,Low
Voice/Data,Medium,685,23,Good,Low
SSTV,Medium,1758,58,Poor,Low
Housekeeping,Low,66,95,Fair,Low
Voice/Data,High,734,31,Fair,Low
Voice/Data,Medium,265,49,Poor,Low
Housekeeping,Medium,72,34,Good,Low
Housekeeping,Medium,184,83,Good,Medium
SSTV,Medium,2359,50,Good,Low
TT&C,Medium,23,97,Fair,High
TT&C,Medium,69,35,Fair,High
TT&C,High,68,21,Poor,High
Voice/Data,High,758,64,Poor,High
SSTV,Medium,723,70,Poor,Low
SSTV,Medium,1033,99,Good,Medium
Voice/Data,High,682,89,Good,High
Housekeeping,Low,219,90,Good,Medium
SSTV,High,2038,68,Fair,Low
TT&C,Medium,34,45,Fair,High
TT&C,Low,21,51,Fair,Medium
SSTV,Low,2322,26,Fair,Low
Housekeeping,High,82,51,Fair,High
SSTV,Low,1117,45,Poor,Low
Voice/Data,Low,920,18,Poor,Low
SSTV,Low,1545,32,Good,Low
SSTV,Low,965,60,Fair,Low
SSTV,Low,460,46,Good,Low
Housekeeping,Medium,111,99,Poor,Medium
TT&C,Low,74,55,Fair,Medium
Housekeeping,High,112,96,Poor,High
TT&C,High,53,71,Fair,High
Housekeeping,Medium,78,18,Poor,Low
Voice/Data,Low,763,32,Poor,Low
TT&C,Medium,59,74,Good,High
TT&C,Low,47,61,Fair,Medium
Housekeeping,Medium,176,40,Fair,Medium
Housekeeping,High,139,59,Fair,High
SSTV,High,1187,91,Fair,High
SSTV,High,1888,48,Fair,Low
Voice/Data,Low,813,18,Poor,Low
SSTV,Medium,2090,41,Good,Low
Housekeeping,Medium,70,94,Good,Medium
Voice/Data,Medium,681,79,Good,Medium
TT&C,Medium,5,86,Fair,High
TT&C,Low,45,92,Poor,Medium
TT&C,Low,44,24,Good,Low
SSTV,Medium,1158,39,Fair,Low
Housekeeping,Low,218,20,Poor,Low
TT&C,Low,66,15,Fair,Low
Housekeeping,High,37,85,Good,High
TT&C,High,19,94,Fair,High
SSTV,Medium,855,28,Good,Low
Housekeeping,High,200,76,Good,High
Housekeeping,High,128,60,Poor,High
Housekeeping,Low,168,20,Good,Low
SSTV,Medium,2029,92,Fair,Low
Housekeeping,Medium,175,89,Fair,Medium
TT&C,Low,11,63,Poor,Low
TT&C,High,14,75,Good,High
Voice/Data,Medium,448,48,Fair,Low
Voice/Data,Medium,400,82,Poor,Low
SSTV,Low,1906,52,Fair,Low
Housekeeping,Low,59,99,Poor,Low
Voice/Data,High,428,20,Poor,Low
Voice/Data,Low,316,29,Fair,Low
SSTV,Low,818,97,Fair,Low
Housekeeping,Low,62,39,Good,Low
Housekeeping,Medium,67,41,Fair,High
TT&C,Medium,44,82,Good,High
Voice/Data,Medium,460,31,Fair,Low
Housekeeping,Low,112,58,Fair,Low
TT&C,Low,38,39,Fair,Low
Housekeeping,High,170,31,Fair,High
SSTV,Medium,2130,96,Good,Low
TT&C,Medium,41,31,Fair,Medium
Voice/Data,Medium,653,23,Poor,Low
Voice/Data,High,733,72,Fair,High
SSTV,Low,1796,88,Good,Medium
Housekeeping,Medium,55,25,Poor,Low
SSTV,Medium,2366,75,Fair,Low
SSTV,Low,771,60,Good,Medium
SSTV,High,1253,85,Good,High
TT&C,Medium,50,25,Good,Low
Housekeeping,High,106,97,Fair,High
TT&C,High,22,67,Fair,Medium
Housekeeping,Medium,205,86,Fair,Medium
Housekeeping,High,43,45,Good,High
TT&C,Medium,22,95,Fair,High
TT&C,High,74,68,Good,High
SSTV,Low,1873,25,Fair,Low
TT&C,Medium,11,93,Fair,High
Voice/Data,Medium,746,82,Good,Medium
SSTV,Low,2340,40,Fair,Low
Housekeeping,Medium,48,61,Good,Medium
SSTV,High,1257,47,Fair,Low
TT&C,Medium,37,61,Fair,High
Voice/Data,Low,228,97,Fair,Low
Housekeeping,Low,68,91,Fair,Low
Voice/Data,Low,264,33,Fair,Low
TT&C,Low,17,97,Poor,Medium
Housekeeping,High,106,52,Poor,High
Housekeeping,Medium,118,74,Fair,Medium
Voice/Data,Low,317,79,Fair,Low
SSTV,Medium,1014,56,Fair,Low
Housekeeping,Low,66,53,Poor,Low
Housekeeping,Low,181,53,Fair,Low
Housekeeping,Medium,70,88,Poor,High
Housekeeping,Medium,202,47,Good,Medium
Housekeeping,High,132,38,Good,High
TT&C,Medium,61,45,Poor,High
Voice/Data,Medium,648,31,Fair,Low
Voice/Data,High,340,48,Poor,High
TT&C,High,47,24,Fair,High
SSTV,Medium,984,22,Poor,Low
TT&C,High,13,76,Fair,High
SSTV,High,946,21,Fair,Low
Housekeeping,High,82,63,Good,High
SSTV,Low,713,81,Poor,Low
SSTV,Medium,496,76,Fair,Low
Voice/Data,Medium,903,52,Good,Medium
TT&C,Medium,40,31,Good,Medium
Voice/Data,Medium,453,94,Fair,Medium
TT&C,High,70,85,Fair,High
TT&C,High,20,67,Fair,High
SSTV,Low,1235,22,Fair,Low
Housekeeping,Medium,190,17,Good,Low
Voice/Data,Medium,644,41,Fair,Low
Voice/Data,Low,451,28,Fair,Low
Housekeeping,Low,78,88,Poor,Low
Voice/Data,Low,149,32,Fair,Low
Housekeeping,High,46,39,Good,High
Housekeeping,Medium,60,97,Fair,Medium
Housekeeping,High,179,84,Fair,High
Voice/Data,Medium,650,33,Good,Low
TT&C,High,35,47,Good,High
TT&C,Medium,59,58,Fair,High
Housekeeping,High,60,71,Fair,High
Voice/Data,Low,295,94,Fair,Low
Voice/Data,Medium,445,89,Fair,Medium
SSTV,High,2238,98,Fair,Low
Voice/Data,High,629,18,Poor,Low
Voice/Data,High,826,35,Good,Low
Housekeeping,Low,77,62,Good,Low
Housekeeping,Medium,191,19,Good,Low
Voice/Data,Low,180,45,Good,Low
SSTV,Low,893,28,Good,Low
Housekeeping,Medium,129,94,Good,Medium
TT&C,Medium,8,20,Good,Medium
SSTV,High,2123,27,Fair,Low
Housekeeping,High,194,31,Fair,High
Voice/Data,Medium,569,27,Poor,Low
TT&C,High,26,63,Fair,High
TT&C,Low,11,45,Fair,Medium
Voice/Data,Low,633,92,Fair,Low
TT&C,Medium,42,37,Fair,High
TT&C,High,58,60,Fair,High
SSTV,Low,1624,71,Poor,Low
Voice/Data,Medium,226,68,Good,Medium
TT&C,Medium,13,82,Good,High
Housekeeping,Low,178,32,Poor,Low
Voice/Data,Medium,251,58,Poor,Low
Voice/Data,High,898,83,Fair,High
Housekeeping,Medium,50,88,Good,Medium
TT&C,Low,55,67,Good,Medium
TT&C,High,73,70,Poor,High
TT&C,Low,35,88,Good,Medium
TT&C,High,8,68,Poor,High
SSTV,Low,2159,95,Fair,Low
TT&C,Medium,18,25,Good,Medium
Housekeeping,Medium,130,44,Poor,Medium
SSTV,Low,2369,24,Poor,Low
SSTV,High,1902,22,Fair,High
TT&C,Low,8,55,Fair,Medium
Voice/Data,Low,801,34,Good,Low
SSTV,Low,764,49,Good,Low
SSTV,Medium,1911,52,Poor,Medium
TT&C,High,48,67,Poor,High
TT&C,High,25,95,Good,High
Voice/Data,Low,471,87,Fair,Low
Housekeeping,Medium,52,47,Good,Medium
Housekeeping,Low,217,42,Fair,Low
Housekeeping,Medium,75,80,Poor,Medium
SSTV,High,1051,25,Good,Low
Voice/Data,Medium,537,60,Poor,Medium
Housekeeping,Medium,157,50,Fair,Medium
Voice/Data,Medium,539,30,Fair,Low
TT&C,High,40,67,Fair,High
SSTV,Medium,1586,42,Fair,Low
SSTV,Low,2122,30,Fair,Low
TT&C,Medium,32,70,Good,Medium
TT&C,Low,63,29,Good,Low
Housekeeping,Low,179,72,Fair,Low
Voice/Data,Low,917,28,Poor,Low
SSTV,Medium,2230,51,Good,Low
Voice/Data,Medium,782,83,Good,Medium
Voice/Data,Low,324,34,Fair,Low
Housekeeping,Medium,177,80,Fair,Medium
Voice/Data,High,731,76,Fair,Medium
TT&C,High,25,91,Poor,High
TT&C,Medium,52,29,Fair,Medium
Voice/Data,Low,329,75,Fair,Low
Voice/Data,High,554,94,Good,High
TT&C,Low,60,79,Good,Medium
Housekeeping,Low,65,30,Good,Low
SSTV,High,1107,84,Fair,High
Voice/Data,Medium,780,24,Fair,Low
SSTV,Medium,1334,65,Good,Medium
Housekeeping,Medium,212,57,Good,Medium
Housekeeping,Medium,31,60,Fair,Medium
Housekeeping,Low,167,59,Good,Low
SSTV,Low,2037,17,Poor,High
Voice/Data,Low,881,58,Good,Low
Housekeeping,Low,59,94,Poor,Low
TT&C,High,73,52,Poor,High
TT&C,Low,32,38,Fair,Low
SSTV,Medium,1136,99,Poor,Low
Voice/Data,High,415,23,Poor,Low
TT&C,High,49,56,Poor,High
TT&C,Medium,51,58,Fair,High
SSTV,Medium,1374,55,Good,Medium
TT&C,High,9,93,Poor,High
Voice/Data,Medium,938,50,Fair,Medium
Housekeeping,High,72,97,Good,High
TT&C,High,11,20,Poor,High
Voice/Data,High,615,77,Poor,High
TT&C,Low,33,65,Good,Medium
Housekeeping,Medium,146,35,Good,Medium
TT&C,Low,66,34,Fair,Low
TT&C,Medium,11,76,Good,High
TT&C,High,24,69,Poor,High
TT&C,Medium,41,66,Fair,High
TT&C,Medium,60,19,Good,Medium
TT&C,Low,47,65,Fair,Medium
SSTV,High,1196,98,Good,High
SSTV,Low,1639,16,Fair,Low
Housekeeping,Low,216,54,Good,Low
Housekeeping,Low,121,57,Fair,Low
Housekeeping,Low,197,91,Fair,Low
Voice/Data,Medium,767,39,Poor,Low
Voice/Data,Medium,370,55,Poor,Low
TT&C,Low,22,75,Good,Medium
TT&C,Low,58,20,Poor,Low
TT&C,Low,19,83,Poor,Medium
TT&C,Medium,28,84,Poor,High
SSTV,Low,909,76,Poor,Low
Housekeeping,Medium,145,70,Good,Medium
TT&C,Low,25,78,Fair,Medium
Housekeeping,Low,155,81,Good,Medium
Housekeeping,Medium,207,91,Poor,Medium
TT&C,Medium,63,51,Fair,High
Voice/Data,Low,906,53,Fair,Low
TT&C,Low,6,69,Fair,Medium
Voice/Data,High,498,31,Good,Low
TT&C,Low,20,87,Good,Medium
Voice/Data,Medium,881,80,Good,Medium
Voice/Data,Medium,710,68,Poor,Low
Voice/Data,Low,385,40,Poor,Low
Voice/Data,Medium,587,44,Fair,Low
Voice/Data,High,622,51,Fair,High
SSTV,High,1416,71,Good,High
Voice/Data,Low,513,81,Fair,Low
TT&C,Low,8,72,Fair,Medium
Housekeeping,Low,115,94,Good,Medium
Housekeeping,Medium,96,96,Good,Medium
Voice/Data,Medium,799,74,Poor,Low
Housekeeping,Low,194,46,Poor,Low
Housekeeping,Low,172,65,Fair,High
SSTV,High,510,51,Fair,Low
Housekeeping,Low,189,68,Fair,Low
TT&C,Medium,32,84,Fair,Low
Housekeeping,Medium,109,46,Good,Medium
Housekeeping,Low,209,57,Good,Low
TT&C,Low,65,18,Fair,Low
Housekeeping,Low,39,77,Fair,Low
Housekeeping,High,98,56,Fair,High
Housekeeping,Low,172,54,Fair,Low
Housekeeping,Low,132,60,Fair,Low
SSTV,Low,952,33,Fair,Low
Housekeeping,Low,129,65,Fair,Low
Voice/Data,Medium,839,78,Poor,Low
Voice/Data,Low,305,44,Poor,Low
Housekeeping,Medium,171,26,Poor,Low
Housekeeping,Medium,169,47,Good,Medium
Housekeeping,High,198,31,Fair,High
Voice/Data,Low,367,46,Poor,Low
SSTV,High,871,68,Good,High
Voice/Data,Medium,574,24,Fair,Low
Housekeeping,Low,130,78,Fair,Low
SSTV,High,1248,34,Good,Low
Housekeeping,High,178,91,Poor,High
SSTV,Low,2008,77,Poor,Low
TT&C,High,22,38,Fair,High
SSTV,Medium,2001,62,Poor,Low
Voice/Data,Medium,311,24,Fair,Low
TT&C,High,33,23,Poor,High
SSTV,Medium,503,96,Poor,Low
TT&C,High,28,83,Poor,High
SSTV,Low,2319,28,Fair,Low
TT&C,High,35,39,Poor,Low
Voice/Data,Medium,709,31,Poor,Low
TT&C,Low,12,48,Good,Medium
Voice/Data,Medium,647,39,Fair,Low
Voice/Data,Low,428,42,Fair,Low
SSTV,Low,1900,59,Poor,Low
Voice/Data,Low,890,31,Fair,Low
Voice/Data,Low,561,90,Fair,Low
Voice/Data,Low,205,76,Fair,Medium
Housekeeping,Low,120,79,Poor,Low
SSTV,Medium,690,29,Good,Low
TT&C,Medium,36,75,Good,High
SSTV,Medium,569,86,Poor,Low
TT&C,Low,49,29,Poor,Low
SSTV,High,1055,78,Poor,Low
SSTV,Medium,842,45,Fair,Low
Housekeeping,Low,33,81,Poor,Low
Housekeeping,Low,198,55,Good,Low
Voice/Data,Medium,814,83,Good,Medium
Voice/Data,Low,793,27,Good,Low
Housekeeping,Medium,41,48,Fair,Medium
SSTV,High,1131,38,Good,Low
Voice/Data,Low,926,36,Poor,Low
TT&C,Low,45,41,Fair,Medium
TT&C,High,13,47,Fair,High
TT&C,Medium,14,25,Good,Medium
SSTV,Low,963,75,Fair,Low
Housekeeping,High,214,61,Good,High
Voice/Data,High,260,85,Poor,High
SSTV,Medium,2210,74,Good,Low
Housekeeping,Medium,158,27,Fair,Low
Voice/Data,Low,885,20,Fair,Low
Voice/Data,Low,805,50,Good,Low
Housekeeping,Medium,93,55,Fair,Medium
Housekeeping,Low,187,35,Fair,Low
Housekeeping,Medium,62,81,Fair,Medium
TT&C,High,25,64,Poor,High
TT&C,Low,19,78,Fair,Medium
Voice/Data,Medium,230,24,Poor,Low
Housekeeping,Low,47,84,Poor,Low
Housekeeping,High,65,32,Good,High
SSTV,Low,684,53,Fair,Medium
SSTV,Medium,1191,52,Fair,Low
Voice/Data,Medium,179,84,Fair,Medium
Voice/Data,Medium,170,38,Fair,Low
Housekeeping,Medium,218,35,Fair,Medium
Housekeeping,Medium,46,43,Good,Medium
Voice/Data,Medium,181,45,Good,Medium
SSTV,High,508,30,Fair,Low
Voice/Data,High,230,29,Fair,Low
TT&C,Medium,41,34,Fair,Medium
Voice/Data,Medium,806,54,Fair,Medium
SSTV,Low,1883,44,Fair,Low
TT&C,High,45,48,Fair,High
SSTV,Medium,615,76,Fair,Low
SSTV,Medium,1960,35,Fair,Low
TT&C,Low,7,92,Fair,Medium
Housekeeping,High,149,78,Fair,High
Voice/Data,Medium,459,29,Poor,Low
Housekeeping,Medium,197,41,Poor,Medium
Housekeeping,Low,88,30,Good,Low
Housekeeping,High,151,38,Fair,High
Housekeeping,Low,113,46,Poor,Low
Voice/Data,Low,553,26,Fair,Low
Voice/Data,High,899,16,Good,Low
TT&C,High,54,52,Fair,High
Voice/Data,Low,464,74,Good,Low
Voice/Data,Medium,491,40,Good,Low
Housekeeping,Medium,163,88,Fair,Medium
Voice/Data,High,407,46,Fair,High
TT&C,Medium,16,91,Poor,High
Voice/Data,Medium,508,35,Good,Low
SSTV,Medium,583,60,Fair,Low
SSTV,Medium,780,79,Good,Medium
TT&C,High,34,20,Fair,High
Voice/Data,Medium,781,94,Poor,Low
TT&C,Low,59,46,Poor,Low
TT&C,High,23,57,Fair,High
TT&C,High,34,68,Fair,High
Voice/Data,High,247,69,Poor,High
TT&C,Low,57,17,Good,Low
Voice/Data,Low,324,88,Good,Medium
SSTV,Medium,2009,68,Fair,Low
TT&C,Low,63,99,Fair,Medium
TT&C,High,53,55,Poor,High
TT&C,Medium,28,67,Good,High
SSTV,Medium,2308,52,Fair,Low
Voice/Data,High,689,90,Good,High
TT&C,Medium,50,85,Fair,High
Voice/Data,Low,830,92,Fair,Low
TT&C,Medium,66,57,Fair,High
Voice/Data,Medium,184,82,Poor,Low
Voice/Data,Medium,851,45,Good,Medium
Voice/Data,Medium,754,54,Fair,Medium
SSTV,High,852,79,Fair,High
Voice/Data,Medium,375,21,Good,Low
TT&C,Low,57,75,Good,Medium
TT&C,Medium,20,16,Good,Medium
TT&C,Medium,36,64,Poor,High
Housekeeping,Low,160,55,Fair,Low
SSTV,Low,1718,54,Good,Medium
SSTV,Medium,2224,57,Fair,Low
Voice/Data,Low,212,56,Poor,Low
TT&C,High,25,49,Good,High
SSTV,Low,2370,53,Fair,Low
TT&C,Low,44,63,Fair,Medium
Housekeeping,High,77,79,Good,High
SSTV,High,1015,61,Fair,High
Voice/Data,Low,401,69,Fair,Low
SSTV,Low,1530,86,Fair,Low
TT&C,Low,24,99,Fair,Medium
SSTV,Medium,1662,24,Poor,Low
